sample	h1_aln	h1_callable	h2_aln	h2_callable	snv
CHM1	/net/eichler/vol26/projects/assembly_breaks/nobackups/asm-to-reference-alignment/results/CHM13_V1.1_v2.24_asm20/paf_trim_and_break/CHM1_1.paf	/net/eichler/vol26/projects/assembly_breaks/nobackups/asm-to-reference-alignment/results/CHM13_V1.1_v2.24_asm20/callable/CHM1_1_callable_regions.bed.gz	/net/eichler/vol26/projects/assembly_breaks/nobackups/asm-to-reference-alignment/results/CHM13_V1.1_v2.24_asm20/paf_trim_and_break/CHM1_2.paf	/net/eichler/vol26/projects/assembly_breaks/nobackups/asm-to-reference-alignment/results/CHM13_V1.1_v2.24_asm20/callable/CHM1_2_callable_regions.bed.gz	/net/eichler/vol26/projects/assembly_breaks/nobackups/asm-to-reference-alignment/results/CHM13_V1.1_v2.24_asm20/vcf_bed/CHM1.bed.gz
GRCh38	/net/eichler/vol26/projects/assembly_breaks/nobackups/asm-to-reference-alignment/results/CHM13_V1.1_v2.24_asm20/paf_trim_and_break/GRCh38_1.paf	/net/eichler/vol26/projects/assembly_breaks/nobackups/asm-to-reference-alignment/results/CHM13_V1.1_v2.24_asm20/callable/GRCh38_1_callable_regions.bed.gz	/net/eichler/vol26/projects/assembly_breaks/nobackups/asm-to-reference-alignment/results/CHM13_V1.1_v2.24_asm20/paf_trim_and_break/GRCh38_2.paf	/net/eichler/vol26/projects/assembly_breaks/nobackups/asm-to-reference-alignment/results/CHM13_V1.1_v2.24_asm20/callable/GRCh38_2_callable_regions.bed.gz	/net/eichler/vol26/projects/assembly_breaks/nobackups/asm-to-reference-alignment/results/CHM13_V1.1_v2.24_asm20/vcf_bed/GRCh38.bed.gz
HG002	/net/eichler/vol26/projects/assembly_breaks/nobackups/asm-to-reference-alignment/results/CHM13_V1.1_v2.24_asm20/paf_trim_and_break/HG002_1.paf	/net/eichler/vol26/projects/assembly_breaks/nobackups/asm-to-reference-alignment/results/CHM13_V1.1_v2.24_asm20/callable/HG002_1_callable_regions.bed.gz	/net/eichler/vol26/projects/assembly_breaks/nobackups/asm-to-reference-alignment/results/CHM13_V1.1_v2.24_asm20/paf_trim_and_break/HG002_2.paf	/net/eichler/vol26/projects/assembly_breaks/nobackups/asm-to-reference-alignment/results/CHM13_V1.1_v2.24_asm20/callable/HG002_2_callable_regions.bed.gz	/net/eichler/vol26/projects/assembly_breaks/nobackups/asm-to-reference-alignment/results/CHM13_V1.1_v2.24_asm20/vcf_bed/HG002.bed.gz
HG00438	/net/eichler/vol26/projects/assembly_breaks/nobackups/asm-to-reference-alignment/results/CHM13_V1.1_v2.24_asm20/paf_trim_and_break/HG00438_1.paf	/net/eichler/vol26/projects/assembly_breaks/nobackups/asm-to-reference-alignment/results/CHM13_V1.1_v2.24_asm20/callable/HG00438_1_callable_regions.bed.gz	/net/eichler/vol26/projects/assembly_breaks/nobackups/asm-to-reference-alignment/results/CHM13_V1.1_v2.24_asm20/paf_trim_and_break/HG00438_2.paf	/net/eichler/vol26/projects/assembly_breaks/nobackups/asm-to-reference-alignment/results/CHM13_V1.1_v2.24_asm20/callable/HG00438_2_callable_regions.bed.gz	/net/eichler/vol26/projects/assembly_breaks/nobackups/asm-to-reference-alignment/results/CHM13_V1.1_v2.24_asm20/vcf_bed/HG00438.bed.gz
HG00514	/net/eichler/vol26/projects/assembly_breaks/nobackups/asm-to-reference-alignment/results/CHM13_V1.1_v2.24_asm20/paf_trim_and_break/HG00514_1.paf	/net/eichler/vol26/projects/assembly_breaks/nobackups/asm-to-reference-alignment/results/CHM13_V1.1_v2.24_asm20/callable/HG00514_1_callable_regions.bed.gz	/net/eichler/vol26/projects/assembly_breaks/nobackups/asm-to-reference-alignment/results/CHM13_V1.1_v2.24_asm20/paf_trim_and_break/HG00514_2.paf	/net/eichler/vol26/projects/assembly_breaks/nobackups/asm-to-reference-alignment/results/CHM13_V1.1_v2.24_asm20/callable/HG00514_2_callable_regions.bed.gz	/net/eichler/vol26/projects/assembly_breaks/nobackups/asm-to-reference-alignment/results/CHM13_V1.1_v2.24_asm20/vcf_bed/HG00514.bed.gz
HG005	/net/eichler/vol26/projects/assembly_breaks/nobackups/asm-to-reference-alignment/results/CHM13_V1.1_v2.24_asm20/paf_trim_and_break/HG005_1.paf	/net/eichler/vol26/projects/assembly_breaks/nobackups/asm-to-reference-alignment/results/CHM13_V1.1_v2.24_asm20/callable/HG005_1_callable_regions.bed.gz	/net/eichler/vol26/projects/assembly_breaks/nobackups/asm-to-reference-alignment/results/CHM13_V1.1_v2.24_asm20/paf_trim_and_break/HG005_2.paf	/net/eichler/vol26/projects/assembly_breaks/nobackups/asm-to-reference-alignment/results/CHM13_V1.1_v2.24_asm20/callable/HG005_2_callable_regions.bed.gz	/net/eichler/vol26/projects/assembly_breaks/nobackups/asm-to-reference-alignment/results/CHM13_V1.1_v2.24_asm20/vcf_bed/HG005.bed.gz
HG00621	/net/eichler/vol26/projects/assembly_breaks/nobackups/asm-to-reference-alignment/results/CHM13_V1.1_v2.24_asm20/paf_trim_and_break/HG00621_1.paf	/net/eichler/vol26/projects/assembly_breaks/nobackups/asm-to-reference-alignment/results/CHM13_V1.1_v2.24_asm20/callable/HG00621_1_callable_regions.bed.gz	/net/eichler/vol26/projects/assembly_breaks/nobackups/asm-to-reference-alignment/results/CHM13_V1.1_v2.24_asm20/paf_trim_and_break/HG00621_2.paf	/net/eichler/vol26/projects/assembly_breaks/nobackups/asm-to-reference-alignment/results/CHM13_V1.1_v2.24_asm20/callable/HG00621_2_callable_regions.bed.gz	/net/eichler/vol26/projects/assembly_breaks/nobackups/asm-to-reference-alignment/results/CHM13_V1.1_v2.24_asm20/vcf_bed/HG00621.bed.gz
HG00673	/net/eichler/vol26/projects/assembly_breaks/nobackups/asm-to-reference-alignment/results/CHM13_V1.1_v2.24_asm20/paf_trim_and_break/HG00673_1.paf	/net/eichler/vol26/projects/assembly_breaks/nobackups/asm-to-reference-alignment/results/CHM13_V1.1_v2.24_asm20/callable/HG00673_1_callable_regions.bed.gz	/net/eichler/vol26/projects/assembly_breaks/nobackups/asm-to-reference-alignment/results/CHM13_V1.1_v2.24_asm20/paf_trim_and_break/HG00673_2.paf	/net/eichler/vol26/projects/assembly_breaks/nobackups/asm-to-reference-alignment/results/CHM13_V1.1_v2.24_asm20/callable/HG00673_2_callable_regions.bed.gz	/net/eichler/vol26/projects/assembly_breaks/nobackups/asm-to-reference-alignment/results/CHM13_V1.1_v2.24_asm20/vcf_bed/HG00673.bed.gz
HG00733	/net/eichler/vol26/projects/assembly_breaks/nobackups/asm-to-reference-alignment/results/CHM13_V1.1_v2.24_asm20/paf_trim_and_break/HG00733_1.paf	/net/eichler/vol26/projects/assembly_breaks/nobackups/asm-to-reference-alignment/results/CHM13_V1.1_v2.24_asm20/callable/HG00733_1_callable_regions.bed.gz	/net/eichler/vol26/projects/assembly_breaks/nobackups/asm-to-reference-alignment/results/CHM13_V1.1_v2.24_asm20/paf_trim_and_break/HG00733_2.paf	/net/eichler/vol26/projects/assembly_breaks/nobackups/asm-to-reference-alignment/results/CHM13_V1.1_v2.24_asm20/callable/HG00733_2_callable_regions.bed.gz	/net/eichler/vol26/projects/assembly_breaks/nobackups/asm-to-reference-alignment/results/CHM13_V1.1_v2.24_asm20/vcf_bed/HG00733.bed.gz
HG00735	/net/eichler/vol26/projects/assembly_breaks/nobackups/asm-to-reference-alignment/results/CHM13_V1.1_v2.24_asm20/paf_trim_and_break/HG00735_1.paf	/net/eichler/vol26/projects/assembly_breaks/nobackups/asm-to-reference-alignment/results/CHM13_V1.1_v2.24_asm20/callable/HG00735_1_callable_regions.bed.gz	/net/eichler/vol26/projects/assembly_breaks/nobackups/asm-to-reference-alignment/results/CHM13_V1.1_v2.24_asm20/paf_trim_and_break/HG00735_2.paf	/net/eichler/vol26/projects/assembly_breaks/nobackups/asm-to-reference-alignment/results/CHM13_V1.1_v2.24_asm20/callable/HG00735_2_callable_regions.bed.gz	/net/eichler/vol26/projects/assembly_breaks/nobackups/asm-to-reference-alignment/results/CHM13_V1.1_v2.24_asm20/vcf_bed/HG00735.bed.gz
HG00741	/net/eichler/vol26/projects/assembly_breaks/nobackups/asm-to-reference-alignment/results/CHM13_V1.1_v2.24_asm20/paf_trim_and_break/HG00741_1.paf	/net/eichler/vol26/projects/assembly_breaks/nobackups/asm-to-reference-alignment/results/CHM13_V1.1_v2.24_asm20/callable/HG00741_1_callable_regions.bed.gz	/net/eichler/vol26/projects/assembly_breaks/nobackups/asm-to-reference-alignment/results/CHM13_V1.1_v2.24_asm20/paf_trim_and_break/HG00741_2.paf	/net/eichler/vol26/projects/assembly_breaks/nobackups/asm-to-reference-alignment/results/CHM13_V1.1_v2.24_asm20/callable/HG00741_2_callable_regions.bed.gz	/net/eichler/vol26/projects/assembly_breaks/nobackups/asm-to-reference-alignment/results/CHM13_V1.1_v2.24_asm20/vcf_bed/HG00741.bed.gz
HG01071	/net/eichler/vol26/projects/assembly_breaks/nobackups/asm-to-reference-alignment/results/CHM13_V1.1_v2.24_asm20/paf_trim_and_break/HG01071_1.paf	/net/eichler/vol26/projects/assembly_breaks/nobackups/asm-to-reference-alignment/results/CHM13_V1.1_v2.24_asm20/callable/HG01071_1_callable_regions.bed.gz	/net/eichler/vol26/projects/assembly_breaks/nobackups/asm-to-reference-alignment/results/CHM13_V1.1_v2.24_asm20/paf_trim_and_break/HG01071_2.paf	/net/eichler/vol26/projects/assembly_breaks/nobackups/asm-to-reference-alignment/results/CHM13_V1.1_v2.24_asm20/callable/HG01071_2_callable_regions.bed.gz	/net/eichler/vol26/projects/assembly_breaks/nobackups/asm-to-reference-alignment/results/CHM13_V1.1_v2.24_asm20/vcf_bed/HG01071.bed.gz
HG01106	/net/eichler/vol26/projects/assembly_breaks/nobackups/asm-to-reference-alignment/results/CHM13_V1.1_v2.24_asm20/paf_trim_and_break/HG01106_1.paf	/net/eichler/vol26/projects/assembly_breaks/nobackups/asm-to-reference-alignment/results/CHM13_V1.1_v2.24_asm20/callable/HG01106_1_callable_regions.bed.gz	/net/eichler/vol26/projects/assembly_breaks/nobackups/asm-to-reference-alignment/results/CHM13_V1.1_v2.24_asm20/paf_trim_and_break/HG01106_2.paf	/net/eichler/vol26/projects/assembly_breaks/nobackups/asm-to-reference-alignment/results/CHM13_V1.1_v2.24_asm20/callable/HG01106_2_callable_regions.bed.gz	/net/eichler/vol26/projects/assembly_breaks/nobackups/asm-to-reference-alignment/results/CHM13_V1.1_v2.24_asm20/vcf_bed/HG01106.bed.gz
HG01109	/net/eichler/vol26/projects/assembly_breaks/nobackups/asm-to-reference-alignment/results/CHM13_V1.1_v2.24_asm20/paf_trim_and_break/HG01109_1.paf	/net/eichler/vol26/projects/assembly_breaks/nobackups/asm-to-reference-alignment/results/CHM13_V1.1_v2.24_asm20/callable/HG01109_1_callable_regions.bed.gz	/net/eichler/vol26/projects/assembly_breaks/nobackups/asm-to-reference-alignment/results/CHM13_V1.1_v2.24_asm20/paf_trim_and_break/HG01109_2.paf	/net/eichler/vol26/projects/assembly_breaks/nobackups/asm-to-reference-alignment/results/CHM13_V1.1_v2.24_asm20/callable/HG01109_2_callable_regions.bed.gz	/net/eichler/vol26/projects/assembly_breaks/nobackups/asm-to-reference-alignment/results/CHM13_V1.1_v2.24_asm20/vcf_bed/HG01109.bed.gz
HG01123	/net/eichler/vol26/projects/assembly_breaks/nobackups/asm-to-reference-alignment/results/CHM13_V1.1_v2.24_asm20/paf_trim_and_break/HG01123_1.paf	/net/eichler/vol26/projects/assembly_breaks/nobackups/asm-to-reference-alignment/results/CHM13_V1.1_v2.24_asm20/callable/HG01123_1_callable_regions.bed.gz	/net/eichler/vol26/projects/assembly_breaks/nobackups/asm-to-reference-alignment/results/CHM13_V1.1_v2.24_asm20/paf_trim_and_break/HG01123_2.paf	/net/eichler/vol26/projects/assembly_breaks/nobackups/asm-to-reference-alignment/results/CHM13_V1.1_v2.24_asm20/callable/HG01123_2_callable_regions.bed.gz	/net/eichler/vol26/projects/assembly_breaks/nobackups/asm-to-reference-alignment/results/CHM13_V1.1_v2.24_asm20/vcf_bed/HG01123.bed.gz
HG01175	/net/eichler/vol26/projects/assembly_breaks/nobackups/asm-to-reference-alignment/results/CHM13_V1.1_v2.24_asm20/paf_trim_and_break/HG01175_1.paf	/net/eichler/vol26/projects/assembly_breaks/nobackups/asm-to-reference-alignment/results/CHM13_V1.1_v2.24_asm20/callable/HG01175_1_callable_regions.bed.gz	/net/eichler/vol26/projects/assembly_breaks/nobackups/asm-to-reference-alignment/results/CHM13_V1.1_v2.24_asm20/paf_trim_and_break/HG01175_2.paf	/net/eichler/vol26/projects/assembly_breaks/nobackups/asm-to-reference-alignment/results/CHM13_V1.1_v2.24_asm20/callable/HG01175_2_callable_regions.bed.gz	/net/eichler/vol26/projects/assembly_breaks/nobackups/asm-to-reference-alignment/results/CHM13_V1.1_v2.24_asm20/vcf_bed/HG01175.bed.gz
HG01243	/net/eichler/vol26/projects/assembly_breaks/nobackups/asm-to-reference-alignment/results/CHM13_V1.1_v2.24_asm20/paf_trim_and_break/HG01243_1.paf	/net/eichler/vol26/projects/assembly_breaks/nobackups/asm-to-reference-alignment/results/CHM13_V1.1_v2.24_asm20/callable/HG01243_1_callable_regions.bed.gz	/net/eichler/vol26/projects/assembly_breaks/nobackups/asm-to-reference-alignment/results/CHM13_V1.1_v2.24_asm20/paf_trim_and_break/HG01243_2.paf	/net/eichler/vol26/projects/assembly_breaks/nobackups/asm-to-reference-alignment/results/CHM13_V1.1_v2.24_asm20/callable/HG01243_2_callable_regions.bed.gz	/net/eichler/vol26/projects/assembly_breaks/nobackups/asm-to-reference-alignment/results/CHM13_V1.1_v2.24_asm20/vcf_bed/HG01243.bed.gz
HG01258	/net/eichler/vol26/projects/assembly_breaks/nobackups/asm-to-reference-alignment/results/CHM13_V1.1_v2.24_asm20/paf_trim_and_break/HG01258_1.paf	/net/eichler/vol26/projects/assembly_breaks/nobackups/asm-to-reference-alignment/results/CHM13_V1.1_v2.24_asm20/callable/HG01258_1_callable_regions.bed.gz	/net/eichler/vol26/projects/assembly_breaks/nobackups/asm-to-reference-alignment/results/CHM13_V1.1_v2.24_asm20/paf_trim_and_break/HG01258_2.paf	/net/eichler/vol26/projects/assembly_breaks/nobackups/asm-to-reference-alignment/results/CHM13_V1.1_v2.24_asm20/callable/HG01258_2_callable_regions.bed.gz	/net/eichler/vol26/projects/assembly_breaks/nobackups/asm-to-reference-alignment/results/CHM13_V1.1_v2.24_asm20/vcf_bed/HG01258.bed.gz
HG01358	/net/eichler/vol26/projects/assembly_breaks/nobackups/asm-to-reference-alignment/results/CHM13_V1.1_v2.24_asm20/paf_trim_and_break/HG01358_1.paf	/net/eichler/vol26/projects/assembly_breaks/nobackups/asm-to-reference-alignment/results/CHM13_V1.1_v2.24_asm20/callable/HG01358_1_callable_regions.bed.gz	/net/eichler/vol26/projects/assembly_breaks/nobackups/asm-to-reference-alignment/results/CHM13_V1.1_v2.24_asm20/paf_trim_and_break/HG01358_2.paf	/net/eichler/vol26/projects/assembly_breaks/nobackups/asm-to-reference-alignment/results/CHM13_V1.1_v2.24_asm20/callable/HG01358_2_callable_regions.bed.gz	/net/eichler/vol26/projects/assembly_breaks/nobackups/asm-to-reference-alignment/results/CHM13_V1.1_v2.24_asm20/vcf_bed/HG01358.bed.gz
HG01361	/net/eichler/vol26/projects/assembly_breaks/nobackups/asm-to-reference-alignment/results/CHM13_V1.1_v2.24_asm20/paf_trim_and_break/HG01361_1.paf	/net/eichler/vol26/projects/assembly_breaks/nobackups/asm-to-reference-alignment/results/CHM13_V1.1_v2.24_asm20/callable/HG01361_1_callable_regions.bed.gz	/net/eichler/vol26/projects/assembly_breaks/nobackups/asm-to-reference-alignment/results/CHM13_V1.1_v2.24_asm20/paf_trim_and_break/HG01361_2.paf	/net/eichler/vol26/projects/assembly_breaks/nobackups/asm-to-reference-alignment/results/CHM13_V1.1_v2.24_asm20/callable/HG01361_2_callable_regions.bed.gz	/net/eichler/vol26/projects/assembly_breaks/nobackups/asm-to-reference-alignment/results/CHM13_V1.1_v2.24_asm20/vcf_bed/HG01361.bed.gz
HG01891	/net/eichler/vol26/projects/assembly_breaks/nobackups/asm-to-reference-alignment/results/CHM13_V1.1_v2.24_asm20/paf_trim_and_break/HG01891_1.paf	/net/eichler/vol26/projects/assembly_breaks/nobackups/asm-to-reference-alignment/results/CHM13_V1.1_v2.24_asm20/callable/HG01891_1_callable_regions.bed.gz	/net/eichler/vol26/projects/assembly_breaks/nobackups/asm-to-reference-alignment/results/CHM13_V1.1_v2.24_asm20/paf_trim_and_break/HG01891_2.paf	/net/eichler/vol26/projects/assembly_breaks/nobackups/asm-to-reference-alignment/results/CHM13_V1.1_v2.24_asm20/callable/HG01891_2_callable_regions.bed.gz	/net/eichler/vol26/projects/assembly_breaks/nobackups/asm-to-reference-alignment/results/CHM13_V1.1_v2.24_asm20/vcf_bed/HG01891.bed.gz
HG01928	/net/eichler/vol26/projects/assembly_breaks/nobackups/asm-to-reference-alignment/results/CHM13_V1.1_v2.24_asm20/paf_trim_and_break/HG01928_1.paf	/net/eichler/vol26/projects/assembly_breaks/nobackups/asm-to-reference-alignment/results/CHM13_V1.1_v2.24_asm20/callable/HG01928_1_callable_regions.bed.gz	/net/eichler/vol26/projects/assembly_breaks/nobackups/asm-to-reference-alignment/results/CHM13_V1.1_v2.24_asm20/paf_trim_and_break/HG01928_2.paf	/net/eichler/vol26/projects/assembly_breaks/nobackups/asm-to-reference-alignment/results/CHM13_V1.1_v2.24_asm20/callable/HG01928_2_callable_regions.bed.gz	/net/eichler/vol26/projects/assembly_breaks/nobackups/asm-to-reference-alignment/results/CHM13_V1.1_v2.24_asm20/vcf_bed/HG01928.bed.gz
HG01952	/net/eichler/vol26/projects/assembly_breaks/nobackups/asm-to-reference-alignment/results/CHM13_V1.1_v2.24_asm20/paf_trim_and_break/HG01952_1.paf	/net/eichler/vol26/projects/assembly_breaks/nobackups/asm-to-reference-alignment/results/CHM13_V1.1_v2.24_asm20/callable/HG01952_1_callable_regions.bed.gz	/net/eichler/vol26/projects/assembly_breaks/nobackups/asm-to-reference-alignment/results/CHM13_V1.1_v2.24_asm20/paf_trim_and_break/HG01952_2.paf	/net/eichler/vol26/projects/assembly_breaks/nobackups/asm-to-reference-alignment/results/CHM13_V1.1_v2.24_asm20/callable/HG01952_2_callable_regions.bed.gz	/net/eichler/vol26/projects/assembly_breaks/nobackups/asm-to-reference-alignment/results/CHM13_V1.1_v2.24_asm20/vcf_bed/HG01952.bed.gz
HG01978	/net/eichler/vol26/projects/assembly_breaks/nobackups/asm-to-reference-alignment/results/CHM13_V1.1_v2.24_asm20/paf_trim_and_break/HG01978_1.paf	/net/eichler/vol26/projects/assembly_breaks/nobackups/asm-to-reference-alignment/results/CHM13_V1.1_v2.24_asm20/callable/HG01978_1_callable_regions.bed.gz	/net/eichler/vol26/projects/assembly_breaks/nobackups/asm-to-reference-alignment/results/CHM13_V1.1_v2.24_asm20/paf_trim_and_break/HG01978_2.paf	/net/eichler/vol26/projects/assembly_breaks/nobackups/asm-to-reference-alignment/results/CHM13_V1.1_v2.24_asm20/callable/HG01978_2_callable_regions.bed.gz	/net/eichler/vol26/projects/assembly_breaks/nobackups/asm-to-reference-alignment/results/CHM13_V1.1_v2.24_asm20/vcf_bed/HG01978.bed.gz
HG02055	/net/eichler/vol26/projects/assembly_breaks/nobackups/asm-to-reference-alignment/results/CHM13_V1.1_v2.24_asm20/paf_trim_and_break/HG02055_1.paf	/net/eichler/vol26/projects/assembly_breaks/nobackups/asm-to-reference-alignment/results/CHM13_V1.1_v2.24_asm20/callable/HG02055_1_callable_regions.bed.gz	/net/eichler/vol26/projects/assembly_breaks/nobackups/asm-to-reference-alignment/results/CHM13_V1.1_v2.24_asm20/paf_trim_and_break/HG02055_2.paf	/net/eichler/vol26/projects/assembly_breaks/nobackups/asm-to-reference-alignment/results/CHM13_V1.1_v2.24_asm20/callable/HG02055_2_callable_regions.bed.gz	/net/eichler/vol26/projects/assembly_breaks/nobackups/asm-to-reference-alignment/results/CHM13_V1.1_v2.24_asm20/vcf_bed/HG02055.bed.gz
HG02080	/net/eichler/vol26/projects/assembly_breaks/nobackups/asm-to-reference-alignment/results/CHM13_V1.1_v2.24_asm20/paf_trim_and_break/HG02080_1.paf	/net/eichler/vol26/projects/assembly_breaks/nobackups/asm-to-reference-alignment/results/CHM13_V1.1_v2.24_asm20/callable/HG02080_1_callable_regions.bed.gz	/net/eichler/vol26/projects/assembly_breaks/nobackups/asm-to-reference-alignment/results/CHM13_V1.1_v2.24_asm20/paf_trim_and_break/HG02080_2.paf	/net/eichler/vol26/projects/assembly_breaks/nobackups/asm-to-reference-alignment/results/CHM13_V1.1_v2.24_asm20/callable/HG02080_2_callable_regions.bed.gz	/net/eichler/vol26/projects/assembly_breaks/nobackups/asm-to-reference-alignment/results/CHM13_V1.1_v2.24_asm20/vcf_bed/HG02080.bed.gz
HG02109	/net/eichler/vol26/projects/assembly_breaks/nobackups/asm-to-reference-alignment/results/CHM13_V1.1_v2.24_asm20/paf_trim_and_break/HG02109_1.paf	/net/eichler/vol26/projects/assembly_breaks/nobackups/asm-to-reference-alignment/results/CHM13_V1.1_v2.24_asm20/callable/HG02109_1_callable_regions.bed.gz	/net/eichler/vol26/projects/assembly_breaks/nobackups/asm-to-reference-alignment/results/CHM13_V1.1_v2.24_asm20/paf_trim_and_break/HG02109_2.paf	/net/eichler/vol26/projects/assembly_breaks/nobackups/asm-to-reference-alignment/results/CHM13_V1.1_v2.24_asm20/callable/HG02109_2_callable_regions.bed.gz	/net/eichler/vol26/projects/assembly_breaks/nobackups/asm-to-reference-alignment/results/CHM13_V1.1_v2.24_asm20/vcf_bed/HG02109.bed.gz
HG02145	/net/eichler/vol26/projects/assembly_breaks/nobackups/asm-to-reference-alignment/results/CHM13_V1.1_v2.24_asm20/paf_trim_and_break/HG02145_1.paf	/net/eichler/vol26/projects/assembly_breaks/nobackups/asm-to-reference-alignment/results/CHM13_V1.1_v2.24_asm20/callable/HG02145_1_callable_regions.bed.gz	/net/eichler/vol26/projects/assembly_breaks/nobackups/asm-to-reference-alignment/results/CHM13_V1.1_v2.24_asm20/paf_trim_and_break/HG02145_2.paf	/net/eichler/vol26/projects/assembly_breaks/nobackups/asm-to-reference-alignment/results/CHM13_V1.1_v2.24_asm20/callable/HG02145_2_callable_regions.bed.gz	/net/eichler/vol26/projects/assembly_breaks/nobackups/asm-to-reference-alignment/results/CHM13_V1.1_v2.24_asm20/vcf_bed/HG02145.bed.gz
HG02148	/net/eichler/vol26/projects/assembly_breaks/nobackups/asm-to-reference-alignment/results/CHM13_V1.1_v2.24_asm20/paf_trim_and_break/HG02148_1.paf	/net/eichler/vol26/projects/assembly_breaks/nobackups/asm-to-reference-alignment/results/CHM13_V1.1_v2.24_asm20/callable/HG02148_1_callable_regions.bed.gz	/net/eichler/vol26/projects/assembly_breaks/nobackups/asm-to-reference-alignment/results/CHM13_V1.1_v2.24_asm20/paf_trim_and_break/HG02148_2.paf	/net/eichler/vol26/projects/assembly_breaks/nobackups/asm-to-reference-alignment/results/CHM13_V1.1_v2.24_asm20/callable/HG02148_2_callable_regions.bed.gz	/net/eichler/vol26/projects/assembly_breaks/nobackups/asm-to-reference-alignment/results/CHM13_V1.1_v2.24_asm20/vcf_bed/HG02148.bed.gz
HG02257	/net/eichler/vol26/projects/assembly_breaks/nobackups/asm-to-reference-alignment/results/CHM13_V1.1_v2.24_asm20/paf_trim_and_break/HG02257_1.paf	/net/eichler/vol26/projects/assembly_breaks/nobackups/asm-to-reference-alignment/results/CHM13_V1.1_v2.24_asm20/callable/HG02257_1_callable_regions.bed.gz	/net/eichler/vol26/projects/assembly_breaks/nobackups/asm-to-reference-alignment/results/CHM13_V1.1_v2.24_asm20/paf_trim_and_break/HG02257_2.paf	/net/eichler/vol26/projects/assembly_breaks/nobackups/asm-to-reference-alignment/results/CHM13_V1.1_v2.24_asm20/callable/HG02257_2_callable_regions.bed.gz	/net/eichler/vol26/projects/assembly_breaks/nobackups/asm-to-reference-alignment/results/CHM13_V1.1_v2.24_asm20/vcf_bed/HG02257.bed.gz
HG02486	/net/eichler/vol26/projects/assembly_breaks/nobackups/asm-to-reference-alignment/results/CHM13_V1.1_v2.24_asm20/paf_trim_and_break/HG02486_1.paf	/net/eichler/vol26/projects/assembly_breaks/nobackups/asm-to-reference-alignment/results/CHM13_V1.1_v2.24_asm20/callable/HG02486_1_callable_regions.bed.gz	/net/eichler/vol26/projects/assembly_breaks/nobackups/asm-to-reference-alignment/results/CHM13_V1.1_v2.24_asm20/paf_trim_and_break/HG02486_2.paf	/net/eichler/vol26/projects/assembly_breaks/nobackups/asm-to-reference-alignment/results/CHM13_V1.1_v2.24_asm20/callable/HG02486_2_callable_regions.bed.gz	/net/eichler/vol26/projects/assembly_breaks/nobackups/asm-to-reference-alignment/results/CHM13_V1.1_v2.24_asm20/vcf_bed/HG02486.bed.gz
HG02559	/net/eichler/vol26/projects/assembly_breaks/nobackups/asm-to-reference-alignment/results/CHM13_V1.1_v2.24_asm20/paf_trim_and_break/HG02559_1.paf	/net/eichler/vol26/projects/assembly_breaks/nobackups/asm-to-reference-alignment/results/CHM13_V1.1_v2.24_asm20/callable/HG02559_1_callable_regions.bed.gz	/net/eichler/vol26/projects/assembly_breaks/nobackups/asm-to-reference-alignment/results/CHM13_V1.1_v2.24_asm20/paf_trim_and_break/HG02559_2.paf	/net/eichler/vol26/projects/assembly_breaks/nobackups/asm-to-reference-alignment/results/CHM13_V1.1_v2.24_asm20/callable/HG02559_2_callable_regions.bed.gz	/net/eichler/vol26/projects/assembly_breaks/nobackups/asm-to-reference-alignment/results/CHM13_V1.1_v2.24_asm20/vcf_bed/HG02559.bed.gz
HG02572	/net/eichler/vol26/projects/assembly_breaks/nobackups/asm-to-reference-alignment/results/CHM13_V1.1_v2.24_asm20/paf_trim_and_break/HG02572_1.paf	/net/eichler/vol26/projects/assembly_breaks/nobackups/asm-to-reference-alignment/results/CHM13_V1.1_v2.24_asm20/callable/HG02572_1_callable_regions.bed.gz	/net/eichler/vol26/projects/assembly_breaks/nobackups/asm-to-reference-alignment/results/CHM13_V1.1_v2.24_asm20/paf_trim_and_break/HG02572_2.paf	/net/eichler/vol26/projects/assembly_breaks/nobackups/asm-to-reference-alignment/results/CHM13_V1.1_v2.24_asm20/callable/HG02572_2_callable_regions.bed.gz	/net/eichler/vol26/projects/assembly_breaks/nobackups/asm-to-reference-alignment/results/CHM13_V1.1_v2.24_asm20/vcf_bed/HG02572.bed.gz
HG02622	/net/eichler/vol26/projects/assembly_breaks/nobackups/asm-to-reference-alignment/results/CHM13_V1.1_v2.24_asm20/paf_trim_and_break/HG02622_1.paf	/net/eichler/vol26/projects/assembly_breaks/nobackups/asm-to-reference-alignment/results/CHM13_V1.1_v2.24_asm20/callable/HG02622_1_callable_regions.bed.gz	/net/eichler/vol26/projects/assembly_breaks/nobackups/asm-to-reference-alignment/results/CHM13_V1.1_v2.24_asm20/paf_trim_and_break/HG02622_2.paf	/net/eichler/vol26/projects/assembly_breaks/nobackups/asm-to-reference-alignment/results/CHM13_V1.1_v2.24_asm20/callable/HG02622_2_callable_regions.bed.gz	/net/eichler/vol26/projects/assembly_breaks/nobackups/asm-to-reference-alignment/results/CHM13_V1.1_v2.24_asm20/vcf_bed/HG02622.bed.gz
HG02630	/net/eichler/vol26/projects/assembly_breaks/nobackups/asm-to-reference-alignment/results/CHM13_V1.1_v2.24_asm20/paf_trim_and_break/HG02630_1.paf	/net/eichler/vol26/projects/assembly_breaks/nobackups/asm-to-reference-alignment/results/CHM13_V1.1_v2.24_asm20/callable/HG02630_1_callable_regions.bed.gz	/net/eichler/vol26/projects/assembly_breaks/nobackups/asm-to-reference-alignment/results/CHM13_V1.1_v2.24_asm20/paf_trim_and_break/HG02630_2.paf	/net/eichler/vol26/projects/assembly_breaks/nobackups/asm-to-reference-alignment/results/CHM13_V1.1_v2.24_asm20/callable/HG02630_2_callable_regions.bed.gz	/net/eichler/vol26/projects/assembly_breaks/nobackups/asm-to-reference-alignment/results/CHM13_V1.1_v2.24_asm20/vcf_bed/HG02630.bed.gz
HG02717	/net/eichler/vol26/projects/assembly_breaks/nobackups/asm-to-reference-alignment/results/CHM13_V1.1_v2.24_asm20/paf_trim_and_break/HG02717_1.paf	/net/eichler/vol26/projects/assembly_breaks/nobackups/asm-to-reference-alignment/results/CHM13_V1.1_v2.24_asm20/callable/HG02717_1_callable_regions.bed.gz	/net/eichler/vol26/projects/assembly_breaks/nobackups/asm-to-reference-alignment/results/CHM13_V1.1_v2.24_asm20/paf_trim_and_break/HG02717_2.paf	/net/eichler/vol26/projects/assembly_breaks/nobackups/asm-to-reference-alignment/results/CHM13_V1.1_v2.24_asm20/callable/HG02717_2_callable_regions.bed.gz	/net/eichler/vol26/projects/assembly_breaks/nobackups/asm-to-reference-alignment/results/CHM13_V1.1_v2.24_asm20/vcf_bed/HG02717.bed.gz
HG02723	/net/eichler/vol26/projects/assembly_breaks/nobackups/asm-to-reference-alignment/results/CHM13_V1.1_v2.24_asm20/paf_trim_and_break/HG02723_1.paf	/net/eichler/vol26/projects/assembly_breaks/nobackups/asm-to-reference-alignment/results/CHM13_V1.1_v2.24_asm20/callable/HG02723_1_callable_regions.bed.gz	/net/eichler/vol26/projects/assembly_breaks/nobackups/asm-to-reference-alignment/results/CHM13_V1.1_v2.24_asm20/paf_trim_and_break/HG02723_2.paf	/net/eichler/vol26/projects/assembly_breaks/nobackups/asm-to-reference-alignment/results/CHM13_V1.1_v2.24_asm20/callable/HG02723_2_callable_regions.bed.gz	/net/eichler/vol26/projects/assembly_breaks/nobackups/asm-to-reference-alignment/results/CHM13_V1.1_v2.24_asm20/vcf_bed/HG02723.bed.gz
HG02818	/net/eichler/vol26/projects/assembly_breaks/nobackups/asm-to-reference-alignment/results/CHM13_V1.1_v2.24_asm20/paf_trim_and_break/HG02818_1.paf	/net/eichler/vol26/projects/assembly_breaks/nobackups/asm-to-reference-alignment/results/CHM13_V1.1_v2.24_asm20/callable/HG02818_1_callable_regions.bed.gz	/net/eichler/vol26/projects/assembly_breaks/nobackups/asm-to-reference-alignment/results/CHM13_V1.1_v2.24_asm20/paf_trim_and_break/HG02818_2.paf	/net/eichler/vol26/projects/assembly_breaks/nobackups/asm-to-reference-alignment/results/CHM13_V1.1_v2.24_asm20/callable/HG02818_2_callable_regions.bed.gz	/net/eichler/vol26/projects/assembly_breaks/nobackups/asm-to-reference-alignment/results/CHM13_V1.1_v2.24_asm20/vcf_bed/HG02818.bed.gz
HG02886	/net/eichler/vol26/projects/assembly_breaks/nobackups/asm-to-reference-alignment/results/CHM13_V1.1_v2.24_asm20/paf_trim_and_break/HG02886_1.paf	/net/eichler/vol26/projects/assembly_breaks/nobackups/asm-to-reference-alignment/results/CHM13_V1.1_v2.24_asm20/callable/HG02886_1_callable_regions.bed.gz	/net/eichler/vol26/projects/assembly_breaks/nobackups/asm-to-reference-alignment/results/CHM13_V1.1_v2.24_asm20/paf_trim_and_break/HG02886_2.paf	/net/eichler/vol26/projects/assembly_breaks/nobackups/asm-to-reference-alignment/results/CHM13_V1.1_v2.24_asm20/callable/HG02886_2_callable_regions.bed.gz	/net/eichler/vol26/projects/assembly_breaks/nobackups/asm-to-reference-alignment/results/CHM13_V1.1_v2.24_asm20/vcf_bed/HG02886.bed.gz
HG03098	/net/eichler/vol26/projects/assembly_breaks/nobackups/asm-to-reference-alignment/results/CHM13_V1.1_v2.24_asm20/paf_trim_and_break/HG03098_1.paf	/net/eichler/vol26/projects/assembly_breaks/nobackups/asm-to-reference-alignment/results/CHM13_V1.1_v2.24_asm20/callable/HG03098_1_callable_regions.bed.gz	/net/eichler/vol26/projects/assembly_breaks/nobackups/asm-to-reference-alignment/results/CHM13_V1.1_v2.24_asm20/paf_trim_and_break/HG03098_2.paf	/net/eichler/vol26/projects/assembly_breaks/nobackups/asm-to-reference-alignment/results/CHM13_V1.1_v2.24_asm20/callable/HG03098_2_callable_regions.bed.gz	/net/eichler/vol26/projects/assembly_breaks/nobackups/asm-to-reference-alignment/results/CHM13_V1.1_v2.24_asm20/vcf_bed/HG03098.bed.gz
HG03125	/net/eichler/vol26/projects/assembly_breaks/nobackups/asm-to-reference-alignment/results/CHM13_V1.1_v2.24_asm20/paf_trim_and_break/HG03125_1.paf	/net/eichler/vol26/projects/assembly_breaks/nobackups/asm-to-reference-alignment/results/CHM13_V1.1_v2.24_asm20/callable/HG03125_1_callable_regions.bed.gz	/net/eichler/vol26/projects/assembly_breaks/nobackups/asm-to-reference-alignment/results/CHM13_V1.1_v2.24_asm20/paf_trim_and_break/HG03125_2.paf	/net/eichler/vol26/projects/assembly_breaks/nobackups/asm-to-reference-alignment/results/CHM13_V1.1_v2.24_asm20/callable/HG03125_2_callable_regions.bed.gz	/net/eichler/vol26/projects/assembly_breaks/nobackups/asm-to-reference-alignment/results/CHM13_V1.1_v2.24_asm20/vcf_bed/HG03125.bed.gz
HG03453	/net/eichler/vol26/projects/assembly_breaks/nobackups/asm-to-reference-alignment/results/CHM13_V1.1_v2.24_asm20/paf_trim_and_break/HG03453_1.paf	/net/eichler/vol26/projects/assembly_breaks/nobackups/asm-to-reference-alignment/results/CHM13_V1.1_v2.24_asm20/callable/HG03453_1_callable_regions.bed.gz	/net/eichler/vol26/projects/assembly_breaks/nobackups/asm-to-reference-alignment/results/CHM13_V1.1_v2.24_asm20/paf_trim_and_break/HG03453_2.paf	/net/eichler/vol26/projects/assembly_breaks/nobackups/asm-to-reference-alignment/results/CHM13_V1.1_v2.24_asm20/callable/HG03453_2_callable_regions.bed.gz	/net/eichler/vol26/projects/assembly_breaks/nobackups/asm-to-reference-alignment/results/CHM13_V1.1_v2.24_asm20/vcf_bed/HG03453.bed.gz
HG03486	/net/eichler/vol26/projects/assembly_breaks/nobackups/asm-to-reference-alignment/results/CHM13_V1.1_v2.24_asm20/paf_trim_and_break/HG03486_1.paf	/net/eichler/vol26/projects/assembly_breaks/nobackups/asm-to-reference-alignment/results/CHM13_V1.1_v2.24_asm20/callable/HG03486_1_callable_regions.bed.gz	/net/eichler/vol26/projects/assembly_breaks/nobackups/asm-to-reference-alignment/results/CHM13_V1.1_v2.24_asm20/paf_trim_and_break/HG03486_2.paf	/net/eichler/vol26/projects/assembly_breaks/nobackups/asm-to-reference-alignment/results/CHM13_V1.1_v2.24_asm20/callable/HG03486_2_callable_regions.bed.gz	/net/eichler/vol26/projects/assembly_breaks/nobackups/asm-to-reference-alignment/results/CHM13_V1.1_v2.24_asm20/vcf_bed/HG03486.bed.gz
HG03492	/net/eichler/vol26/projects/assembly_breaks/nobackups/asm-to-reference-alignment/results/CHM13_V1.1_v2.24_asm20/paf_trim_and_break/HG03492_1.paf	/net/eichler/vol26/projects/assembly_breaks/nobackups/asm-to-reference-alignment/results/CHM13_V1.1_v2.24_asm20/callable/HG03492_1_callable_regions.bed.gz	/net/eichler/vol26/projects/assembly_breaks/nobackups/asm-to-reference-alignment/results/CHM13_V1.1_v2.24_asm20/paf_trim_and_break/HG03492_2.paf	/net/eichler/vol26/projects/assembly_breaks/nobackups/asm-to-reference-alignment/results/CHM13_V1.1_v2.24_asm20/callable/HG03492_2_callable_regions.bed.gz	/net/eichler/vol26/projects/assembly_breaks/nobackups/asm-to-reference-alignment/results/CHM13_V1.1_v2.24_asm20/vcf_bed/HG03492.bed.gz
HG03516	/net/eichler/vol26/projects/assembly_breaks/nobackups/asm-to-reference-alignment/results/CHM13_V1.1_v2.24_asm20/paf_trim_and_break/HG03516_1.paf	/net/eichler/vol26/projects/assembly_breaks/nobackups/asm-to-reference-alignment/results/CHM13_V1.1_v2.24_asm20/callable/HG03516_1_callable_regions.bed.gz	/net/eichler/vol26/projects/assembly_breaks/nobackups/asm-to-reference-alignment/results/CHM13_V1.1_v2.24_asm20/paf_trim_and_break/HG03516_2.paf	/net/eichler/vol26/projects/assembly_breaks/nobackups/asm-to-reference-alignment/results/CHM13_V1.1_v2.24_asm20/callable/HG03516_2_callable_regions.bed.gz	/net/eichler/vol26/projects/assembly_breaks/nobackups/asm-to-reference-alignment/results/CHM13_V1.1_v2.24_asm20/vcf_bed/HG03516.bed.gz
HG03540	/net/eichler/vol26/projects/assembly_breaks/nobackups/asm-to-reference-alignment/results/CHM13_V1.1_v2.24_asm20/paf_trim_and_break/HG03540_1.paf	/net/eichler/vol26/projects/assembly_breaks/nobackups/asm-to-reference-alignment/results/CHM13_V1.1_v2.24_asm20/callable/HG03540_1_callable_regions.bed.gz	/net/eichler/vol26/projects/assembly_breaks/nobackups/asm-to-reference-alignment/results/CHM13_V1.1_v2.24_asm20/paf_trim_and_break/HG03540_2.paf	/net/eichler/vol26/projects/assembly_breaks/nobackups/asm-to-reference-alignment/results/CHM13_V1.1_v2.24_asm20/callable/HG03540_2_callable_regions.bed.gz	/net/eichler/vol26/projects/assembly_breaks/nobackups/asm-to-reference-alignment/results/CHM13_V1.1_v2.24_asm20/vcf_bed/HG03540.bed.gz
HG03579	/net/eichler/vol26/projects/assembly_breaks/nobackups/asm-to-reference-alignment/results/CHM13_V1.1_v2.24_asm20/paf_trim_and_break/HG03579_1.paf	/net/eichler/vol26/projects/assembly_breaks/nobackups/asm-to-reference-alignment/results/CHM13_V1.1_v2.24_asm20/callable/HG03579_1_callable_regions.bed.gz	/net/eichler/vol26/projects/assembly_breaks/nobackups/asm-to-reference-alignment/results/CHM13_V1.1_v2.24_asm20/paf_trim_and_break/HG03579_2.paf	/net/eichler/vol26/projects/assembly_breaks/nobackups/asm-to-reference-alignment/results/CHM13_V1.1_v2.24_asm20/callable/HG03579_2_callable_regions.bed.gz	/net/eichler/vol26/projects/assembly_breaks/nobackups/asm-to-reference-alignment/results/CHM13_V1.1_v2.24_asm20/vcf_bed/HG03579.bed.gz
NA12878	/net/eichler/vol26/projects/assembly_breaks/nobackups/asm-to-reference-alignment/results/CHM13_V1.1_v2.24_asm20/paf_trim_and_break/NA12878_1.paf	/net/eichler/vol26/projects/assembly_breaks/nobackups/asm-to-reference-alignment/results/CHM13_V1.1_v2.24_asm20/callable/NA12878_1_callable_regions.bed.gz	/net/eichler/vol26/projects/assembly_breaks/nobackups/asm-to-reference-alignment/results/CHM13_V1.1_v2.24_asm20/paf_trim_and_break/NA12878_2.paf	/net/eichler/vol26/projects/assembly_breaks/nobackups/asm-to-reference-alignment/results/CHM13_V1.1_v2.24_asm20/callable/NA12878_2_callable_regions.bed.gz	/net/eichler/vol26/projects/assembly_breaks/nobackups/asm-to-reference-alignment/results/CHM13_V1.1_v2.24_asm20/vcf_bed/NA12878.bed.gz
NA18906	/net/eichler/vol26/projects/assembly_breaks/nobackups/asm-to-reference-alignment/results/CHM13_V1.1_v2.24_asm20/paf_trim_and_break/NA18906_1.paf	/net/eichler/vol26/projects/assembly_breaks/nobackups/asm-to-reference-alignment/results/CHM13_V1.1_v2.24_asm20/callable/NA18906_1_callable_regions.bed.gz	/net/eichler/vol26/projects/assembly_breaks/nobackups/asm-to-reference-alignment/results/CHM13_V1.1_v2.24_asm20/paf_trim_and_break/NA18906_2.paf	/net/eichler/vol26/projects/assembly_breaks/nobackups/asm-to-reference-alignment/results/CHM13_V1.1_v2.24_asm20/callable/NA18906_2_callable_regions.bed.gz	/net/eichler/vol26/projects/assembly_breaks/nobackups/asm-to-reference-alignment/results/CHM13_V1.1_v2.24_asm20/vcf_bed/NA18906.bed.gz
NA19240	/net/eichler/vol26/projects/assembly_breaks/nobackups/asm-to-reference-alignment/results/CHM13_V1.1_v2.24_asm20/paf_trim_and_break/NA19240_1.paf	/net/eichler/vol26/projects/assembly_breaks/nobackups/asm-to-reference-alignment/results/CHM13_V1.1_v2.24_asm20/callable/NA19240_1_callable_regions.bed.gz	/net/eichler/vol26/projects/assembly_breaks/nobackups/asm-to-reference-alignment/results/CHM13_V1.1_v2.24_asm20/paf_trim_and_break/NA19240_2.paf	/net/eichler/vol26/projects/assembly_breaks/nobackups/asm-to-reference-alignment/results/CHM13_V1.1_v2.24_asm20/callable/NA19240_2_callable_regions.bed.gz	/net/eichler/vol26/projects/assembly_breaks/nobackups/asm-to-reference-alignment/results/CHM13_V1.1_v2.24_asm20/vcf_bed/NA19240.bed.gz
NA20129	/net/eichler/vol26/projects/assembly_breaks/nobackups/asm-to-reference-alignment/results/CHM13_V1.1_v2.24_asm20/paf_trim_and_break/NA20129_1.paf	/net/eichler/vol26/projects/assembly_breaks/nobackups/asm-to-reference-alignment/results/CHM13_V1.1_v2.24_asm20/callable/NA20129_1_callable_regions.bed.gz	/net/eichler/vol26/projects/assembly_breaks/nobackups/asm-to-reference-alignment/results/CHM13_V1.1_v2.24_asm20/paf_trim_and_break/NA20129_2.paf	/net/eichler/vol26/projects/assembly_breaks/nobackups/asm-to-reference-alignment/results/CHM13_V1.1_v2.24_asm20/callable/NA20129_2_callable_regions.bed.gz	/net/eichler/vol26/projects/assembly_breaks/nobackups/asm-to-reference-alignment/results/CHM13_V1.1_v2.24_asm20/vcf_bed/NA20129.bed.gz
NA21309	/net/eichler/vol26/projects/assembly_breaks/nobackups/asm-to-reference-alignment/results/CHM13_V1.1_v2.24_asm20/paf_trim_and_break/NA21309_1.paf	/net/eichler/vol26/projects/assembly_breaks/nobackups/asm-to-reference-alignment/results/CHM13_V1.1_v2.24_asm20/callable/NA21309_1_callable_regions.bed.gz	/net/eichler/vol26/projects/assembly_breaks/nobackups/asm-to-reference-alignment/results/CHM13_V1.1_v2.24_asm20/paf_trim_and_break/NA21309_2.paf	/net/eichler/vol26/projects/assembly_breaks/nobackups/asm-to-reference-alignment/results/CHM13_V1.1_v2.24_asm20/callable/NA21309_2_callable_regions.bed.gz	/net/eichler/vol26/projects/assembly_breaks/nobackups/asm-to-reference-alignment/results/CHM13_V1.1_v2.24_asm20/vcf_bed/NA21309.bed.gz
